username,country,fullname,bio,location,email,profile_image
singaporean_vibes,Singapore,,,,,
techy_tiger,Singapore,,,,,
islandfoodie,Singapore,,,,,
urbanorchid,Singapore,,,,,
merlion_moves,Singapore,,,,,
citylights_sg,Singapore,,,,,
sundaysatmarina,Singapore,,,,,
hdbhustler,Singapore,,,,,
kopikulture,Singapore,,,,,
mrt_muse,Singapore,,,,,
sentosasunshine,Singapore,,,,,
eastcoastdreamer,Singapore,,,,,
red_dot_runner,Singapore,,,,,
singapopstar,Singapore,,,,,
sgcloudwatcher,Singapore,,,,,
orchardoracle,Singapore,,,,,
bukitbiker,Singapore,,,,,
circuitbreakerbaby,Singapore,,,,,
jurongjungle,Singapore,,,,,
nasilemaklife,Singapore,,,,,
hawkerhunter,Singapore,,,,,
tigerbeerboy,Singapore,,,,,
rafflesroamer,Singapore,,,,,
bishanbuddy,Singapore,,,,,
pandanpilot,Singapore,,,,,
toapayohtraveller,Singapore,,,,,
tehtarikdreams,Singapore,,,,,
rochorrambler,Singapore,,,,,
littleindiatrail,Singapore,,,,,
sghistorynerd,Singapore,,,,,
